name,rating,stats,tradeable,active
Olise,90,83 82 89 91 47 69,hayır,evet
Gabriel,89,64 44 64 66 91 84,hayır,evet
Mapi León,88,77 68 80 77 89 86,hayır,evet
Lavelle,87,85 79 84 87 60 65,hayır,evet
Stanway,86,82 79 80 86 78 78,evet,hayır
Heath,86,84 80 83 86 51 73,hayır,evet
Aubameyang,86,87 86 78 84 43 73,hayır,evet
Al Jaber,86,88 86 75 83 44 71,hayır,evet
Dimarco,86,81 78 85 81 80 74,hayır,evet
Kelly,86,89 85 85 84 43 69,hayır,hayır
Fernández,86,68 78 86 83 74 76,hayır,evet
Foord,85,87 77 79 84 45 70,hayır,hayır
Martínez,85,83 81 82 85 50 85,hayır,evet
Gravenberch,85,79 76 81 83 80 80,evet,evet
Osimhen,85,89 84 65 78 51 86,hayır,evet
Anyomi,84,90 82 74 84 55 83,hayır,hayır
Ferran Torres,84,88 84 78 82 40 74,hayır,hayır
Lewandowski,84,67 85 79 80 44 80,evet,hayır
Freigang,84,84 82 76 83 37 80,evet,hayır
Rémy,84,91 84 70 78 37 72,hayır,evet
Oberdorf,84,60 62 77 74 85 84,hayır,hayır
Toone,84,81 81 81 84 52 64,hayır,hayır
Zubimendi,84,65 71 82 80 80 75,hayır,hayır
Fiamma Benítez,84,83 76 81 83 60 77,hayır,hayır
Falcone,84,80 79 78 85 27 84,hayır,hayır
Damaris Egurrola,84,62 71 82 80 81 82,hayır,hayır
Nico Paz,84,81 78 79 84 54 68,hayır,hayır
Mancini,84,69 50 61 66 85 82,hayır,hayır
Rogers,84,76 82 82 84 67 78,hayır,evet
Lacroix,83,86 46 63 69 84 83,hayır,hayır
Vušković,83,60 65 64 67 85 84,hayır,hayır
Lookman,83,86 83 73 84 32 68,hayır,evet
Rose,83,75 31 54 65 85 78,evet,hayır
Saibari,83,83 78 77 83 55 82,evet,evet
Palacios,83,62 76 79 82 81 71,hayır,hayır
Stiller,83,59 59 84 84 76 72,hayır,hayır
Santos,83,75 77 82 83 69 77,hayır,hayır
Matheus Nunes,83,87 70 80 79 78 75,hayır,hayır
Bussy,83,87 79 77 85 43 58,hayır,hayır
Fudalla,83,86 85 78 80 55 73,hayır,hayır
Becho,83,90 79 72 86 45 69,hayır,hayır
Rüdiger,83,75 54 71 69 83 85,hayır,hayır
Pavlović,83,66 68 82 82 79 79,hayır,hayır
Alba Redondo,83,85 84 70 81 26 64,hayır,hayır
João Pedro,83,77 83 74 84 38 74,hayır,hayır
Dumfries,83,82 70 74 79 78 87,hayır,evet
Kostoulas,82,85 79 68 81 50 79,hayır,hayır
Lindelöf,82,60 56 76 73 82 76,hayır,hayır
Wharton,82,54 63 85 80 77 69,evet,hayır
Palhinha,82,50 68 74 72 83 84,evet,hayır
Bounou,82,80 82 76 86 38 81,evet,hayır
Tapsoba,82,74 58 73 72 82 80,evet,hayır
Garner,82,64 71 82 77 80 77,hayır,hayır
Diaby,82,94 69 76 85 44 59,hayır,hayır
Simon,82,75 57 75 79 80 73,hayır,hayır
Di María,82,71 80 85 85 43 62,hayır,hayır
Hernández,82,89 78 78 82 76 83,hayır,hayır
Suárez,82,83 82 69 80 42 78,hayır,hayır
Budimir,82,65 83 63 74 36 81,hayır,hayır
Kögel,82,87 79 77 81 46 70,hayır,hayır
Linari,82,67 50 64 68 83 81,hayır,hayır
Brandt,82,69 77 83 84 45 69,hayır,evet
Bednarek,82,50 22 63 70 83 83,hayır,hayır
Morroni,82,84 46 76 79 78 56,hayır,hayır
Šeško,82,85 82 67 78 46 77,hayır,hayır
Martínez,82,66 59 76 75 82 75,hayır,hayır
Éderson,82,81 73 78 80 80 81,hayır,hayır
Giménez,82,68 46 60 62 83 80,hayır,hayır
Henderson,82,83 79 79 82 55 81,hayır,hayır
Gordon,82,91 78 77 82 50 71,hayır,evet
Trossard,82,76 82 79 85 30 59,hayır,hayır
Sancet,82,75 80 80 84 69 81,hayır,hayır
Thauvin,82,70 79 84 83 46 68,hayır,hayır
Carrasco,82,88 81 78 84 58 71,hayır,hayır
Maguire,82,35 57 69 65 83 83,hayır,hayır
Spitse,82,67 70 80 73 84 81,hayır,hayır
Maanum,82,70 80 82 82 72 66,hayır,hayır
Berardi,82,81 80 80 83 37 68,hayır,hayır
Rosa Márquez,82,85 75 79 82 73 75,hayır,hayır
Chavas,82,80 79 76 84 39 81,hayır,hayır
Kiwior,82,71 42 72 76 83 78,hayır,hayır
Mané,82,81 81 78 85 44 75,hayır,hayır
Burkardt,82,80 83 67 81 44 76,hayır,hayır
Lukaku,82,77 82 75 73 41 78,hayır,hayır
Ndiaye,82,86 77 74 86 44 65,hayır,evet
Lewis-Potter,81,81 74 78 82 76 70,hayır,hayır
Banzuzi,81,76 71 77 79 74 81,hayır,hayır
Mateta,81,75 82 69 76 42 81,evet,hayır
Mace,81,77 60 76 75 81 75,evet,hayır
Kramarić,81,67 83 78 84 33 72,evet,hayır
Fornals,81,66 75 83 80 74 72,evet,hayır
Torreira,81,72 72 78 75 78 76,evet,hayır
Brown,81,90 60 76 83 73 59,evet,hayır
Ajibade,81,87 79 73 85 37 76,hayır,hayır
Koné,81,74 74 77 83 77 83,hayır,hayır
Dudek,81,59 46 62 68 85 75,hayır,hayır
O'Sullivan,81,82 72 72 79 80 78,hayır,hayır
Kayode,81,81 49 72 76 78 80,hayır,hayır
Verbruggen,81,80 77 81 84 50 81,hayır,hayır
Frimpong,81,94 62 74 82 72 62,hayır,evet
Fleming,81,83 74 78 82 69 56,hayır,hayır
Smith,81,84 79 74 83 25 69,hayır,hayır
Guendouzi,81,72 73 79 80 77 79,hayır,hayır
Turner,81,52 50 63 65 84 77,hayır,hayır
Perišić,81,74 80 81 79 68 77,hayır,hayır
Wood,81,53 82 67 71 40 80,hayır,hayır
Brahim,81,80 73 78 84 33 63,hayır,hayır
Hernández,81,71 52 72 71 82 75,hayır,hayır
Lepaul,81,76 83 61 78 39 71,hayır,hayır
Sarr,81,87 80 76 80 40 69,hayır,hayır
Chabot,81,50 38 52 56 83 85,hayır,hayır
Scott,81,68 71 80 82 76 73,hayır,hayır
Koke,81,50 72 84 77 76 77,hayır,hayır
Niakhaté,81,68 49 65 64 82 81,hayır,hayır
Galeno,81,91 77 76 82 45 70,hayır,hayır
Hutton,81,71 69 74 81 78 71,hayır,hayır
Dewsbury-Hall,81,68 77 82 81 70 71,hayır,hayır
Paradela,80,78 73 81 81 62 70,evet,evet
Mastantuono,80,80 78 79 83 53 70,hayır,hayır
Aké,80,66 53 71 74 82 71,evet,hayır
Di Guglielmo,80,90 41 71 71 75 65,evet,hayır
Baleba,80,74 70 76 79 78 78,evet,hayır
Buendía,80,65 78 81 84 66 60,evet,hayır
Balogun,80,84 80 63 78 24 71,hayır,hayır
Chevalier,80,83 75 73 84 50 78,hayır,hayır
Arambarri,80,68 79 76 78 80 81,hayır,hayır
Rafa,80,86 75 77 84 48 57,hayır,hayır
Saelemaekers,80,78 67 76 82 74 62,hayır,hayır
Trubin,80,77 76 77 84 45 83,hayır,hayır
Stach,80,67 72 81 76 78 79,hayır,hayır
Lukébakio,80,85 79 75 82 31 65,hayır,hayır
Mingueza,80,78 69 79 77 76 76,hayır,hayır
Williams,80,71 50 73 75 79 72,hayır,hayır
Bischof,80,57 72 80 80 68 68,hayır,hayır
Chiesa,80,87 79 75 83 44 68,hayır,hayır
Tarkowski,80,41 47 64 59 81 84,hayır,hayır
Isi,80,80 77 80 82 40 65,hayır,hayır
Schjelderup,80,81 75 75 82 42 59,hayır,hayır
Pavard,80,75 66 75 70 81 78,hayır,hayır
Sergi Cardona,80,83 59 76 76 77 75,hayır,hayır
Konstantelias,79,80 69 76 84 38 63,evet,hayır
Özer,79,79 74 72 82 44 79,evet,hayır
Lejeune,79,53 65 72 66 79 81,evet,hayır
Svensson,79,75 60 76 77 75 75,evet,hayır
Daly,79,79 78 76 79 64 74,hayır,hayır
Trafford,79,79 77 78 80 48 78,hayır,hayır
Bentancur,79,59 68 77 76 78 72,hayır,hayır
Carlos Soler,79,70 76 80 78 71 70,hayır,hayır
Koffi,79,79 80 74 82 56 76,hayır,hayır
Udogie,79,88 64 73 77 75 75,hayır,hayır
Dufour,79,78 77 78 81 51 61,hayır,hayır
Ryan,79,78 78 79 80 52 78,hayır,hayır
Uzun,79,73 81 73 81 38 64,hayır,hayır
Gotts,79,76 55 67 66 64 76,hayır,hayır
Gusto,79,82 55 75 79 75 73,hayır,hayır
Bensebaini,79,73 70 70 77 79 78,hayır,hayır
Tanaka,79,73 74 69 77 52 63,hayır,evet
Djimsiti,79,58 39 62 54 81 80,hayır,hayır
Fofana,79,77 41 62 71 80 77,hayır,hayır
Sergio Gómez,78,79 75 79 81 71 67,evet,hayır
van den Berg,78,72 38 64 67 79 76,evet,hayır
Almada,78,79 75 78 81 53 58,evet,hayır
Onyedika,78,73 64 69 72 75 84,evet,hayır
Batna,78,78 79 75 78 36 78,hayır,hayır
Kılıçsoy,78,74 78 67 77 32 72,hayır,hayır
Lavia,78,66 52 74 78 77 72,hayır,hayır
Vandevoordt,78,80 77 82 78 55 76,hayır,hayır
Felde,78,44 70 75 73 73 74,hayır,hayır
Emegha,78,88 76 60 69 31 78,hayır,hayır
Ortega,78,78 76 85 79 51 76,hayır,hayır
Kalimuendo,78,79 79 65 79 34 72,hayır,hayır
Addai,78,80 65 75 75 33 58,hayır,hayır
Larrubia,75,84 67 69 80 38 59,evet,hayır
Luna,75,86 73 73 74 49 60,hayır,hayır
Thomas-Asante,73,83 71 64 72 45 80,hayır,hayır
